{
    "0": {
     "POD": 0.0,
     "FAR": 0.0004719207126002832,
     "CSI": 0.0,
     "num": 2119
    },
    "1": {
     "POD": 0.8910435894597927,
     "FAR": 0.087481176072951,
     "CSI": 0.8218360638138966,
     "num": 1790
    },
    "2": {
     "POD": 0.9296402154835148,
     "FAR": 0.0658407525648373,
     "CSI": 0.8721358853280605,
     "num": 545
    },
    "3": {
     "POD": 0.9370270096054197,
     "FAR": 0.08896975338740809,
     "CSI": 0.8596578277003838,
     "num": 202
    },
    "5": {
     "POD": 0.9045614076371616,
     "FAR": 0.10630888369699408,
     "CSI": 0.818540580440711,
     "num": 356
    },
    "4": {
     "POD": 0.9086427026667391,
     "FAR": 0.09462683968422665,
     "CSI": 0.8305335115482314,
     "num": 352
    },
    "6": {
     "POD": 0.934066708698649,
     "FAR": 0.05321743788797533,
     "CSI": 0.8889663308219447,
     "num": 318
    },
    "7": {
     "POD": 0.9302235389809828,
     "FAR": 0.05533519595292254,
     "CSI": 0.8825783443134173,
     "num": 138
    },
    "8": {
     "POD": 0.9451076550423804,
     "FAR": 0.06182537211086085,
     "CSI": 0.8898218414675063,
     "num": 156
    },
    "9": {
     "POD": 0.950836331183208,
     "FAR": 0.0455541460300371,
     "CSI": 0.9097207691393314,
     "num": 292
    },
    "10": {
     "POD": 0.9580623795622469,
     "FAR": 0.03537733966695579,
     "CSI": 0.9258041241675186,
     "num": 416
    },
    "99999": {
     "POD": 0.9614021067107671,
     "FAR": 0.029766859195994925,
     "CSI": 0.9341549927006289,
     "num": 2358
    }
   }