{
 "0": {
  "POD": 0.0,
  "FAR": 0.0004719207126002832,
  "CSI": 0.0,
  "num": 2119
 },
 "1": {
  "POD": 0.9000522237993782,
  "FAR": 0.08243019927983686,
  "CSI": 0.8335762791137764,
  "num": 2335
 },
 "2": {
  "POD": 0.9189922153050314,
  "FAR": 0.09256414756878018,
  "CSI": 0.8411528470405323,
  "num": 554
 },
 "3": {
  "POD": 0.9184823063575671,
  "FAR": 0.0812598039235995,
  "CSI": 0.8517681599974356,
  "num": 674
 },
 "4": {
  "POD": 0.9381212332176425,
  "FAR": 0.058778962893869385,
  "CSI": 0.8864218325992608,
  "num": 294
 },
 "5": {
  "POD": 0.9550821449200464,
  "FAR": 0.03957455359071254,
  "CSI": 0.9191708760485489,
  "num": 708
 },
 "99999": {
  "POD": 0.9614021067107671,
  "FAR": 0.029766859195994925,
  "CSI": 0.9341549927006289,
  "num": 2358
 }
}