{
 "0": {
  "POD": 0.0,
  "FAR": 0.0,
  "CSI": 0.0,
  "num": 2119
 },
 "1": {
  "POD": 0.8868303851073243,
  "FAR": 0.08486989682451723,
  "CSI": 0.8194497039054571,
  "num": 2335
 },
 "2": {
  "POD": 0.9167720214216192,
  "FAR": 0.0803726119999247,
  "CSI": 0.8485371353492078,
  "num": 554
 },
 "3": {
  "POD": 0.9133468610487183,
  "FAR": 0.06770929229686219,
  "CSI": 0.8567988562215629,
  "num": 674
 },
 "4": {
  "POD": 0.9316457623154607,
  "FAR": 0.0642710184037909,
  "CSI": 0.8773854520751025,
  "num": 294
 },
 "5": {
  "POD": 0.9536896253193052,
  "FAR": 0.03962174578711451,
  "CSI": 0.9177284879876869,
  "num": 708
 },
 "99999": {
  "POD": 0.9594090474609105,
  "FAR": 0.03173199623724798,
  "CSI": 0.9304062323075752,
  "num": 2358
 }
}