{
    "0": {
     "POD": 0.0,
     "FAR": 0.0,
     "CSI": 0.0,
     "num": 2119
    },
    "1": {
     "POD": 0.8772054688741964,
     "FAR": 0.0885054074965547,
     "CSI": 0.8083740718171785,
     "num": 1790
    },
    "2": {
     "POD": 0.9184424953042055,
     "FAR": 0.07292941223195287,
     "CSI": 0.8558265505807165,
     "num": 545
    },
    "3": {
     "POD": 0.9208844261639917,
     "FAR": 0.07918473884388513,
     "CSI": 0.8535419096891123,
     "num": 202
    },
    "5": {
     "POD": 0.8941215432050528,
     "FAR": 0.074640037467347,
     "CSI": 0.8331321533222839,
     "num": 356
    },
    "4": {
     "POD": 0.9144120618819631,
     "FAR": 0.08105428920878824,
     "CSI": 0.8456650773473299,
     "num": 352
    },
    "6": {
     "POD": 0.9348695439177284,
     "FAR": 0.05995034487330055,
     "CSI": 0.8832936556937078,
     "num": 318
    },
    "7": {
     "POD": 0.9283694594430031,
     "FAR": 0.06137413986340703,
     "CSI": 0.8767154806270733,
     "num": 138
    },
    "8": {
     "POD": 0.9345440302410959,
     "FAR": 0.06683364172797654,
     "CSI": 0.8779781191252812,
     "num": 156
    },
    "9": {
     "POD": 0.9523241844067069,
     "FAR": 0.04330349054489947,
     "CSI": 0.9130957294425834,
     "num": 292
    },
    "10": {
     "POD": 0.954648059806029,
     "FAR": 0.037037444178284674,
     "CSI": 0.9209803281203077,
     "num": 416
    },
    "99999": {
     "POD": 0.9594090474609105,
     "FAR": 0.03173199623724798,
     "CSI": 0.9304062323075752,
     "num": 2358
    }
   }