{
 "0": {
  "POD": 0.0,
  "FAR": 0.0004719207126002832,
  "CSI": 0.0,
  "num": 2119
 },
 "1": {
  "POD": 0.8529682950568964,
  "FAR": 0.10371051014410043,
  "CSI": 0.775350514917889,
  "num": 1790
 },
 "2": {
  "POD": 0.9043297033824764,
  "FAR": 0.06211148417075054,
  "CSI": 0.8531828561227968,
  "num": 545
 },
 "3": {
  "POD": 0.9095970891898804,
  "FAR": 0.07211837788025548,
  "CSI": 0.8495904614960198,
  "num": 202
 },
 "5": {
  "POD": 0.8949259617998585,
  "FAR": 0.11173724035206088,
  "CSI": 0.8055601885671568,
  "num": 356
 },
 "4": {
  "POD": 0.9073397102704981,
  "FAR": 0.10089140655577872,
  "CSI": 0.8235416387587841,
  "num": 352
 },
 "6": {
  "POD": 0.9296585398502297,
  "FAR": 0.06440992041445308,
  "CSI": 0.875763929915453,
  "num": 318
 },
 "7": {
  "POD": 0.9206943395107429,
  "FAR": 0.05993656281433699,
  "CSI": 0.8701834924718863,
  "num": 138
 },
 "8": {
  "POD": 0.9326766134187833,
  "FAR": 0.07236019517632492,
  "CSI": 0.8709641013672135,
  "num": 156
 },
 "9": {
  "POD": 0.9495815160558547,
  "FAR": 0.05050470704279886,
  "CSI": 0.9042783930018745,
  "num": 292
 },
 "10": {
  "POD": 0.9561052707886464,
  "FAR": 0.043534008842479106,
  "CSI": 0.9165517168608547,
  "num": 416
 },
 "99999": {
  "POD": 0.9587656158416071,
  "FAR": 0.03659070843788342,
  "CSI": 0.9254328599776357,
  "num": 2358
 }
}