{
 "0": {
  "POD": 0.0,
  "FAR": 0.0004719207126002832,
  "CSI": 0.0,
  "num": 2119
 },
 "1": {
  "POD": 0.8649562897196142,
  "FAR": 0.0940011015122053,
  "CSI": 0.7935169500171068,
  "num": 2335
 },
 "2": {
  "POD": 0.9081627978909236,
  "FAR": 0.09040015783293442,
  "CSI": 0.833039584955394,
  "num": 554
 },
 "3": {
  "POD": 0.9113131425417249,
  "FAR": 0.0894077333191836,
  "CSI": 0.8386830220222883,
  "num": 674
 },
 "4": {
  "POD": 0.9270522807680704,
  "FAR": 0.06652869427171826,
  "CSI": 0.8705976931102234,
  "num": 294
 },
 "5": {
  "POD": 0.9534146826785146,
  "FAR": 0.046408929569164654,
  "CSI": 0.9114898375291843,
  "num": 708
 },
 "99999": {
  "POD": 0.9587656158416071,
  "FAR": 0.03659070843788342,
  "CSI": 0.9254328599776357,
  "num": 2358
 }
}